{
  "Parameters": {
    "StageName": "prod",
    "EnableDataQualityMonitor": "yes",
    "EnableModelQualityMonitor": "yes",
    "EnableModelBiasMonitor": "yes",
    "EnableModelExplainabilityMonitor": "yes",
    "DataQualityScheduleExpression": "cron(0 * ? * * *)",
    "ModelQualityScheduleExpression": "cron(0 * ? * * *)",
    "ModelBiasScheduleExpression": "cron(0 * ? * * *)",
    "ModelExplainabilityScheduleExpression": "cron(0 * ? * * *)",
    "GroundTruthInput":"",
    "MonitoringJobInstanceType": "ml.m5.large",
    "MonitoringJobInstanceCount": "1",
    "MonitoringJobInstanceVolumeSizeInGB": "20",
    "ProblemType": "Regression",
    "InferenceAttribute": "0",
    "ProbabilityAttribute": "",
    "FeaturesAttribute": "",
    "ProbabilityThresholdAttribute": "",
    "DataQualityMaxRuntimeInSeconds": "3300",
    "ModelQualityMaxRuntimeInSeconds": "1800",
    "ModelBiasMaxRuntimeInSeconds": "1800",
    "ModelExplainabilityMaxRuntimeInSeconds": "3600"
  }
}